Workbook

Sheet Sheet1
A1: TWTA MP
A2: महंगाई भत्ता व वार्षिक वेतन वृद्धि की हानी
A3: बेसिक पे की सफ़ेद सेल मे अपना मूल वेतन लिखें
A4: Basic Pay | B4: 48700 | C4: =ROUND(B4*1.03,-2) -> 50200 | D4: =ROUND(C4*1.03,-2) -> 51700
A5: Month | B5: 2019 | C5: 2020 | D5: 2021
A6: Jan | C6: =Sheet2!M4 -> 4383 | D6: =Sheet2!N4 -> 9712
A7: Fab | C7: =Sheet2!M5 -> 4383 | D7: =Sheet2!N5 -> 9712
A8: Mar | C8: =Sheet2!M6 -> 4383 | D8: =Sheet2!N6 -> 9712
A9: Apr | C9: =Sheet2!M7 -> 4383 | D9: =Sheet2!N7 -> 9712
A10: May | C10: =Sheet2!M8 -> 4383 | D10: =Sheet2!N8 -> 9712
A11: Jun | C11: =Sheet2!M9 -> 4383 | D11: =Sheet2!N9 -> 9712
A12: Jul | B12: =Sheet2!L10 -> 2435 | C12: =Sheet2!M10 -> 8206 | D12: =Sheet2!N10 -> 11632
A13: Aug | B13: =Sheet2!L11 -> 2435 | C13: =Sheet2!M11 -> 8206
A14: Sep | B14: =Sheet2!L12 -> 2435 | C14: =Sheet2!M12 -> 8206
A15: Oct | B15: =Sheet2!L13 -> 2435 | C15: =Sheet2!M13 -> 8206
A16: Nov | B16: =Sheet2!L14 -> 2435 | C16: =Sheet2!M14 -> 8206
A17: Dec | B17: =Sheet2!L15 -> 2435 | C17: =Sheet2!M15 -> 8206
A18: Total | B18: =SUM(B6:B17) -> 14610 | C18: =SUM(C6:C17) -> 75534 | D18: =D11+D10+D9+D8+D7+D6 -> 58272
B20: Total (24 Months) | C20: =B18+C18+D18 -> 148416
B21: Cash Loss | C21: =C20-C22 -> 133574
B22: NPS | C22: =ROUND(C20/10,0) -> 14842
B23: Govt.Cont. | C23: =C22 -> 14842

Sheet Sheet2
A2: Basic Pay | B2: =Sheet1!B4 -> 48700 | C2: =ROUND(B2*1.03,-2) -> 50200 | D2: =ROUND(C2*1.03,-2) -> 51700 | F2: Basic Pay | G2: =B2 -> 48700 | H2: =G2 -> 48700 | I2: =H2 -> 48700 | K2: Basic Pay | M2: =L2 -> 0 | N2: =M2 -> 0
A3: Month | B3: 2019 | C3: 2020 | D3: 2021 | F3: Month | G3: 2019 | H3: 2020 | I3: 2021 | K3: Month | L3: 2019 | M3: 2020 | N3: 2021
A4: Jan | C4: =ROUND(B2*1.21,0) -> 58927 | D4: =ROUND(C2*1.28,0) -> 64256 | F4: Jan | H4: =ROUND(G2*1.12,0) -> 54544 | I4: =ROUND(G2*1.12,0) -> 54544 | K4: Jan | M4: =C4-H4 -> 4383 | N4: =D4-I4 -> 9712
A5: Fab | C5: =C4 -> 58927 | D5: =D4 -> 64256 | F5: Fab | H5: =H4 -> 54544 | I5: =I4 -> 54544 | K5: Fab | M5: =C5-H5 -> 4383 | N5: =D5-I5 -> 9712
A6: Mar | C6: =C5 -> 58927 | D6: =D5 -> 64256 | F6: Mar | H6: =H5 -> 54544 | I6: =I5 -> 54544 | K6: Mar | M6: =C6-H6 -> 4383 | N6: =D6-I6 -> 9712
A7: Apr | C7: =C6 -> 58927 | D7: =D6 -> 64256 | F7: Apr | H7: =H6 -> 54544 | I7: =I6 -> 54544 | K7: Apr | M7: =C7-H7 -> 4383 | N7: =D7-I7 -> 9712
A8: May | C8: =C7 -> 58927 | D8: =D7 -> 64256 | F8: May | H8: =H7 -> 54544 | I8: =I7 -> 54544 | K8: May | M8: =C8-H8 -> 4383 | N8: =D8-I8 -> 9712
A9: Jun | C9: =C8 -> 58927 | D9: =D8 -> 64256 | F9: Jun | H9: =H8 -> 54544 | I9: =I8 -> 54544 | K9: Jun | M9: =C9-H9 -> 4383 | N9: =D9-I9 -> 9712
A10: Jul | B10: =ROUND(B2*1.17,0) -> 56979 | C10: =ROUND(C2*1.25,0) -> 62750 | D10: =ROUND(D2*1.28,0) -> 66176 | F10: Jul | G10: =ROUND(G2*1.12,0) -> 54544 | H10: =H9 -> 54544 | I10: =ROUND(I2*1.12,0) -> 54544 | K10: Jul | L10: =B10-G10 -> 2435 | M10: =C10-H10 -> 8206 | N10: =D10-I10 -> 11632
A11: Aug | B11: =B10 -> 56979 | C11: =C10 -> 62750 | F11: Aug | G11: =G10 -> 54544 | H11: =H10 -> 54544 | K11: Aug | L11: =B11-G11 -> 2435 | M11: =C11-H11 -> 8206
A12: Sep | B12: =B11 -> 56979 | C12: =C11 -> 62750 | F12: Sep | G12: =G11 -> 54544 | H12: =H11 -> 54544 | K12: Sep | L12: =B12-G12 -> 2435 | M12: =C12-H12 -> 8206
A13: Oct | B13: =B12 -> 56979 | C13: =C12 -> 62750 | F13: Oct | G13: =G12 -> 54544 | H13: =H12 -> 54544 | K13: Oct | L13: =B13-G13 -> 2435 | M13: =C13-H13 -> 8206
A14: Nov | B14: =B13 -> 56979 | C14: =C13 -> 62750 | F14: Nov | G14: =G13 -> 54544 | H14: =H13 -> 54544 | K14: Nov | L14: =B14-G14 -> 2435 | M14: =C14-H14 -> 8206
A15: Dec | B15: =B14 -> 56979 | C15: =C14 -> 62750 | F15: Dec | G15: =G14 -> 54544 | H15: =H14 -> 54544 | K15: Dec | L15: =B15-G15 -> 2435 | M15: =C15-H15 -> 8206
A16: Total | B16: =SUM(B4:B15) -> 341874 | C16: =SUM(C4:C15) -> 730062 | D16: =SUM(D4:D15) -> 451712 | F16: Total | G16: =SUM(G4:G15) -> 327264 | H16: =SUM(H4:H15) -> 654528 | I16: =SUM(I4:I15) -> 381808 | L16: =SUM(L4:L15) -> 14610 | M16: =SUM(M4:M15) -> 75534 | N16: =SUM(N4:N15) -> 69904 | O16: =SUM(O4:O15) -> 0
